epoch,train_loss,eval_loss,accuracy,macro_f1,time_per_epoch,trainable_params,total_params,model_name,dataset_name,setting,best_metric_so_far,patience_counter,is_new_best
1,0.32037110555160947,0.3032100495942142,0.8910550458715596,0.8907099499592999,121.89383101463318,14350874,14350874,huawei-noah/TinyBERT_General_4L_312D,sst2,centralized_tinybert_full_finetuning,0.8910550458715596,0,True
2,0.21229748519942282,0.34196266395236374,0.8899082568807339,0.8899082568807339,114.10209131240845,14350874,14350874,huawei-noah/TinyBERT_General_4L_312D,sst2,centralized_tinybert_full_finetuning,0.8910550458715596,1,False
3,0.17749847097951504,0.38026503357318564,0.8841743119266054,0.8841619722663201,112.49748301506042,14350874,14350874,huawei-noah/TinyBERT_General_4L_312D,sst2,centralized_tinybert_full_finetuning,0.8910550458715596,2,False
4,0.15733503465208953,0.46576782924319626,0.8807339449541285,0.8806278201624835,114.16889667510986,14350874,14350874,huawei-noah/TinyBERT_General_4L_312D,sst2,centralized_tinybert_full_finetuning,0.8910550458715596,3,False
