epoch,train_loss,eval_loss,accuracy,macro_f1,time_per_epoch,trainable_params,total_params,model_name,dataset_name,setting,best_metric_so_far,patience_counter,is_new_best
1,0.38066557258746764,0.32162952368412545,0.8738532110091743,0.8736831015592077,105.89173436164856,60530,14411404,huawei-noah/TinyBERT_General_4L_312D,sst2,centralized_tinybert_lora,0.8738532110091743,0,True
2,0.30737759722243096,0.3137917737348364,0.8830275229357798,0.8829388477088949,103.13501644134521,60530,14411404,huawei-noah/TinyBERT_General_4L_312D,sst2,centralized_tinybert_lora,0.8830275229357798,0,True
3,0.2860101199607504,0.3246770216784346,0.8795871559633027,0.8795299615932676,102.65409588813782,60530,14411404,huawei-noah/TinyBERT_General_4L_312D,sst2,centralized_tinybert_lora,0.8830275229357798,1,False
4,0.27308798264649314,0.3422064945238446,0.8830275229357798,0.8825077276690181,104.794429063797,60530,14411404,huawei-noah/TinyBERT_General_4L_312D,sst2,centralized_tinybert_lora,0.8830275229357798,2,False
5,0.263335046248596,0.33954313971580713,0.8761467889908257,0.8757382396250614,102.77867197990417,60530,14411404,huawei-noah/TinyBERT_General_4L_312D,sst2,centralized_tinybert_lora,0.8830275229357798,3,False
